{
  "times": [
    0.0,
    0.7043798522704253,
    1.4144186447708962
  ],
  "n_steps": 3,
  "m_values": [
    0.51,
    0.53,
    0.55,
    0.57,
    0.59
  ],
  "results_by_m": {
    "0.51": {
      "sup_total": [
        0.017244315016629836,
        0.01684038315264303,
        0.01644348821464043
      ],
      "sup_A_m1": [
        0.016991262815574393,
        0.016593497433074315,
        0.01620260356339247
      ],
      "sup_E_m": [
        0.0002516570482967074,
        0.000245506517824904,
        0.0002395214436258429
      ],
      "sup_D_m": [
        1.4038576714813653e-06,
        1.381870570393992e-06,
        1.3632076221163877e-06
      ],
      "r_max": [
        1.5707963267948966,
        1.5707963267948966,
        1.5707963267948966
      ],
      "is_bounded": [
        true,
        true,
        true
      ]
    },
    "0.53": {
      "sup_total": [
        0.016937864344042857,
        0.016541108520564937,
        0.016151265128282875
      ],
      "sup_A_m1": [
        0.016687099764132192,
        0.016296454837234062,
        0.01591255841521005
      ],
      "sup_E_m": [
        0.0002493944019831055,
        0.00024329917087681922,
        0.00023736790842737848
      ],
      "sup_D_m": [
        1.3883770155521684e-06,
        1.3666323711993547e-06,
        1.3450061136934168e-06
      ],
      "r_max": [
        1.5707963267948966,
        1.5707963267948966,
        1.5707963267948966
      ],
      "is_bounded": [
        true,
        true,
        true
      ]
    },
    "0.55": {
      "sup_total": [
        0.016636879328712245,
        0.01624717157913072,
        0.015864253981301014
      ],
      "sup_A_m1": [
        0.01638838157943514,
        0.016004729643834092,
        0.015627705407146038
      ],
      "sup_E_m": [
        0.0002471520991026603,
        0.00024111167016578093,
        0.00023523373564499176
      ],
      "sup_D_m": [
        1.3730670683157874e-06,
        1.3515622070723069e-06,
        1.3301744271971764e-06
      ],
      "r_max": [
        1.5707963267948966,
        1.5707963267948966,
        1.5707963267948966
      ],
      "is_bounded": [
        true,
        true,
        true
      ]
    },
    "0.57": {
      "sup_total": [
        0.016341262310380605,
        0.015958476954401713,
        0.015582361646536902
      ],
      "sup_A_m1": [
        0.016095010792136683,
        0.015718226665284794,
        0.015347951593949747
      ],
      "sup_E_m": [
        0.00024492995674774295,
        0.00023894383725444604,
        0.00023311875119136973
      ],
      "sup_D_m": [
        1.357925947328873e-06,
        1.3366582250521681e-06,
        1.3155062930610948e-06
      ],
      "r_max": [
        1.5707963267948966,
        1.5707963267948966,
        1.5707963267948966
      ],
      "is_bounded": [
        true,
        true,
        true
      ]
    },
    "0.59": {
      "sup_total": [
        0.016050917375391178,
        0.015674930978152004,
        0.015305496662364129
      ],
      "sup_A_m1": [
        0.015806891677703102,
        0.015436852417963344,
        0.015073205694196849
      ],
      "sup_E_m": [
        0.00024272779365524508,
        0.0002367954953097998,
        0.00023102278254441672
      ],
      "sup_D_m": [
        1.342951790906203e-06,
        1.3219185926112748e-06,
        1.3009999077563205e-06
      ],
      "r_max": [
        1.5707963267948966,
        1.5707963267948966,
        1.5707963267948966
      ],
      "is_bounded": [
        true,
        true,
        true
      ]
    }
  },
  "diagnostics": {
    "u_Linf": [
      0.06968879796123477,
      0.06913338500787349,
      0.068556479208865
    ],
    "omega_Linf": [
      0.0910459092971744,
      0.09516515865091282,
      0.09847553652261333
    ],
    "energy": [
      0.09132039097666111,
      0.09113228232688234,
      0.09094313755698592
    ],
    "enstrophy": [
      0.2677522922678139,
      0.26656525998510944,
      0.2661429876320082
    ]
  }
}