{
  "times": [
    0.0,
    0.09817477042468103,
    0.19645339611149037,
    0.2949824205676912,
    0.3938989808112919,
    0.49332540442938116,
    0.5930565644139463,
    0.6931432043563337,
    0.7936941615636259,
    0.8947949322666715,
    0.9965055503665806
  ],
  "n_steps": 11,
  "m_values": [
    0.51,
    0.53,
    0.55,
    0.57,
    0.59
  ],
  "results_by_m": {
    "0.51": {
      "sup_total": [
        5.513484309916676,
        5.506592265662839,
        5.492441472497495,
        5.47108943752389,
        5.442616943389257,
        5.407133236190733,
        5.364922947157495,
        5.316244505123091,
        5.261356896810042,
        5.200550486980825,
        5.134152089850427
      ],
      "sup_A_m1": [
        5.4109386629741865,
        5.404119420657436,
        5.390063135765631,
        5.368823483650095,
        5.340474647492369,
        5.305116659419592,
        5.263022200562062,
        5.214436225274304,
        5.159602730362254,
        5.098795754432593,
        5.032324664831973
      ],
      "sup_E_m": [
        0.09827146180326736,
        0.09821143333089473,
        0.0981481905597398,
        0.09808512583568002,
        0.09802796081381329,
        0.09798465389995145,
        0.09796527250177213,
        0.09798137813038398,
        0.09804595573803329,
        0.09817322556087799,
        0.09837843708452522
      ],
      "sup_D_m": [
        0.004337805065907554,
        0.004323533863524587,
        0.004288619030222938,
        0.004233637852770438,
        0.004159464887913142,
        0.004067262992383688,
        0.003958827116392634,
        0.0038360044648381537,
        0.0037179334345659827,
        0.0035920018448555827,
        0.0034593697207725782
      ],
      "r_max": [
        1.5707963267948966,
        1.5707963267948966,
        1.5707963267948966,
        1.5707963267948966,
        1.5707963267948966,
        1.5707963267948966,
        1.5707963267948966,
        1.5707963267948966,
        1.5707963267948966,
        1.5707963267948966,
        1.5707963267948966
      ],
      "is_bounded": [
        true,
        true,
        true,
        true,
        true,
        true,
        true,
        true,
        true,
        true,
        true
      ]
    },
    "0.53": {
      "sup_total": [
        5.415662244200247,
        5.408893040563826,
        5.394994999289391,
        5.374024628263541,
        5.346061315012489,
        5.311212420913814,
        5.269757571674066,
        5.221950672969732,
        5.168046191062493,
        5.108329419557731,
        5.0431214581971915
      ],
      "sup_A_m1": [
        5.314076667914688,
        5.307379497840248,
        5.293574836535874,
        5.272715398502666,
        5.244874038958314,
        5.210148999340387,
        5.16880807947486,
        5.121091848752955,
        5.0672399361585185,
        5.007521474693525,
        4.942240293675043
      ],
      "sup_E_m": [
        0.09738790395226977,
        0.09732841519536566,
        0.09726574103941141,
        0.0972032433297324,
        0.09714659227807582,
        0.0971036747362966,
        0.09708446759609828,
        0.09710042841914457,
        0.09716442541009,
        0.09729055095107396,
        0.09749391741971228
      ],
      "sup_D_m": [
        0.004319997527570731,
        0.004305784911265213,
        0.004271013410184144,
        0.004216257941220249,
        0.004142389470893063,
        0.004050566082180864,
        0.003942575356672476,
        0.003820256916128623,
        0.0036855242868043536,
        0.0035523920284284134,
        0.003421222468763297
      ],
      "r_max": [
        1.5707963267948966,
        1.5707963267948966,
        1.5707963267948966,
        1.5707963267948966,
        1.5707963267948966,
        1.5707963267948966,
        1.5707963267948966,
        1.5707963267948966,
        1.5707963267948966,
        1.5707963267948966,
        1.5707963267948966
      ],
      "is_bounded": [
        true,
        true,
        true,
        true,
        true,
        true,
        true,
        true,
        true,
        true,
        true
      ]
    },
    "0.55": {
      "sup_total": [
        5.319583432784716,
        5.312934875587013,
        5.299285066721805,
        5.278689532474404,
        5.251226289765896,
        5.217000848355385,
        5.1762879172248635,
        5.129336958937241,
        5.076397999174545,
        5.017751350025377,
        4.953712497832199
      ],
      "sup_A_m1": [
        5.218948613428403,
        5.212371330363421,
        5.198813788296271,
        5.178327758078153,
        5.150984790734969,
        5.1168813690701205,
        5.076280498986192,
        5.02941844340696,
        4.976530541683199,
        4.917881109028117,
        4.853768535866264
      ],
      "sup_E_m": [
        0.09651229016215959,
        0.09645333626814694,
        0.09639122561497906,
        0.09632928982165953,
        0.09627314811911142,
        0.09623061644857385,
        0.09621158199960456,
        0.09622739931903086,
        0.09629082091359212,
        0.09641581246094351,
        0.09661735046344631
      ],
      "sup_D_m": [
        0.004302263092662209,
        0.00428810882192683,
        0.0042534800646595395,
        0.004198949377606751,
        0.004125384151800066,
        0.004033937716060595,
        0.003926390313605062,
        0.003804574014187007,
        0.003670394488661885,
        0.0035258602201586006,
        0.0033834958751262976
      ],
      "r_max": [
        1.5707963267948966,
        1.5707963267948966,
        1.5707963267948966,
        1.5707963267948966,
        1.5707963267948966,
        1.5707963267948966,
        1.5707963267948966,
        1.5707963267948966,
        1.5707963267948966,
        1.5707963267948966,
        1.5707963267948966
      ],
      "is_bounded": [
        true,
        true,
        true,
        true,
        true,
        true,
        true,
        true,
        true,
        true,
        true
      ]
    },
    "0.57": {
      "sup_total": [
        5.22521674020569,
        5.218686674503079,
        5.20528065942376,
        5.18505325695422,
        5.1580811374915765,
        5.12446799169072,
        5.084483699024829,
        5.038373357562168,
        4.986382630865686,
        4.928786937553102,
        4.865896249843194
      ],
      "sup_A_m1": [
        5.125523459994524,
        5.119063917824315,
        5.1057490712772085,
        5.085629764446909,
        5.0587762675140695,
        5.025283336129478,
        4.985409268089045,
        4.939386096939802,
        4.88744494918879,
        4.829845408504385,
        4.766880523781019
      ],
      "sup_E_m": [
        0.09564454900795508,
        0.09558612516788631,
        0.09552457295105622,
        0.0954631940219111,
        0.0954075570889181,
        0.09536540782025724,
        0.09534654450985165,
        0.09536221961589773,
        0.09542507098745866,
        0.09554893873690429,
        0.09574866471299455
      ],
      "sup_D_m": [
        0.004284601461078114,
        0.004270505296392896,
        0.0042360186969481045,
        0.004181711869032707,
        0.004108448642868446,
        0.004017377612636013,
        0.003910271713305483,
        0.0037889554936256778,
        0.0036553268013004114,
        0.003511385874242455,
        0.0033591940856048954
      ],
      "r_max": [
        1.5707963267948966,
        1.5707963267948966,
        1.5707963267948966,
        1.5707963267948966,
        1.5707963267948966,
        1.5707963267948966,
        1.5707963267948966,
        1.5707963267948966,
        1.5707963267948966,
        1.5707963267948966,
        1.5707963267948966
      ],
      "is_bounded": [
        true,
        true,
        true,
        true,
        true,
        true,
        true,
        true,
        true,
        true,
        true
      ]
    },