{
  "times": [
    0.0,
    0.09817477042468103,
    0.19645339611149037,
    0.2949824205676912,
    0.3938989808112919,
    0.49332540442938116,
    0.5930565644139463,
    0.6931432043563337,
    0.7936941615636259,
    0.8947949322666715,
    0.9965055503665806
  ],
  "n_steps": 11,
  "m_values": [
    0.51,
    0.53,
    0.55,
    0.57,
    0.59
  ],
  "results_by_m": {
    "0.51": {
      "sup_total": [
        5.513484309916676,
        5.506592265662839,
        5.492441472497495,
        5.47108943752389,
        5.442616943389257,
        5.407133236190733,
        5.364922947157495,
        5.316244505123091,
        5.261356896810042,
        5.200550486980825,
        5.134152089850427
      ],
      "sup_A_m1": [
        5.4109386629741865,
        5.404119420657436,
        5.390063135765631,
        5.368823483650095,
        5.340474647492369,
        5.305116659419592,
        5.263022200562062,
        5.214436225274304,
        5.159602730362254,
        5.098795754432593,
        5.032324664831973
      ],
      "sup_E_m": [
        0.09827146180326736,
        0.09821143333089473,
        0.0981481905597398,
        0.09808512583568002,
        0.09802796081381329,
        0.09798465389995145,
        0.09796527250177213,
        0.09798137813038398,
        0.09804595573803329,
        0.09817322556087799,
        0.09837843708452522
      ],
      "sup_D_m": [
        0.004337805065907554,
        0.004323533863524587,
        0.004288619030222938,
        0.004233637852770438,
        0.004159464887913142,
        0.004067262992383688,
        0.003958827116392634,
        0.0038360044648381537,
        0.0037179334345659827,
        0.0035920018448555827,
        0.0034593697207725782
      ],
      "r_max": [
        1.5707963267948966,
        1.5707963267948966,
        1.5707963267948966,
        1.5707963267948966,
        1.5707963267948966,
        1.5707963267948966,
        1.5707963267948966,
        1.5707963267948966,
        1.5707963267948966,
        1.5707963267948966,
        1.5707963267948966
      ],
      "is_bounded": [
        