{
  "timestamp": "2026-01-12 22:44:20.677318",
  "type_II_window": [
    0.6,
    0.75
  ],
  "configuration": "anti-parallel vortex tubes",
  "T_final_target": 3.0,
  "results": [
    {
      "N": 96,
      "nu": 0.0005,
      "num_steps": 99,
      "T_achieved": 2.989249481954762,
      "T_star": 49.84643970272852,
      "final_alpha": 0.4539170277464737,
      "fit_quality": 0.9383736152118305,
      "max_alpha": 0.6851457778490118,
      "time_in_window": 0.41504453906521466,
      "behavior": "regularizing",
      "final_u_Linf": 0.8851534537194299,
      "final_omega_Linf": 4.33155401275827,
      "max_u_Linf": 0.8851534537194299,
      "max_omega_Linf": 4.622498019156902,
      "final_energy": 11.980125490948824,
      "final_enstrophy": 61.17989637567924,
      "alpha_series": [
        0.1015230324431025,
        0.4582037822362406,
        0.46199169796198936,
        0.4215379513824662,
        0.6851457778490118,
        0.4528556969430139
      ],
      "t_alpha_series": [
        1.1610650543748735,
        1.5872535366717595,
        1.7985324848183446,
        2.2178579235588654,
        2.426261080510553,
        2.8413056195757678
      ],
      "window_transitions": [
        [
          "enter",
          2.426261080510553,
          0.6851457778490118
        ],
        [
          "exit",
          2.8413056195757678,
          0.4528556969430139
        ]
      ]
    },
    {
      "N": 96,
      "nu": 0.0002,
      "num_steps": 99,
      "T_achieved": 2.979100978391261,
      "T_star": 87.90092369956889,
      "final_alpha": 1.0216799065714617,
      "fit_quality": 0.9616817939528673,
      "max_alpha": 1.4999996624975749,
      "time_in_window": 0.0,
      "behavior": "transitional",
      "final_u_Linf": 0.891359340354941,
      "final_omega_Linf": 4.358810748808637,
      "max_u_Linf": 0.891359340354941,
      "max_omega_Linf": 4.647678885585137,
      "final_energy": 12.089701976259294,
      "final_enstrophy": 62.18715647150864,
      "alpha_series": [
        0.5767441277198815,
        0.42819440400568776,
        0.119558286122961,
        0.42826410616069943,
        0.8448654615496516,
        1.4999996624975749
      ],
      "t_alpha_series": [
        0.9447514248538146,
        1.7949931189852013,
        2.212410214830569,
        2.4196824167833504,
        2.626182924943002,
        2.8321610727751514
      ],
      "window_transitions": []
    },
    {
      "N": 96,
      "nu": 0.0001,
      "num_steps": 99,
      "T_achieved": 2.975671720268292,
      "T_star": 80.32338681280828,
      "final_alpha": 0.9951844505895693,
      "fit_quality": 0.9667053079982567,
      "max_alpha": 1.0538989357067723,
      "time_in_window": 0.0,
      "behavior": "insufficient evolution data",
      "final_u_Linf": 0.8935315976653239,
      "final_omega_Linf": 4.362991125196673,
      "max_u_Linf": 0.8935315976653239,
      "max_omega_Linf": 4.657542763562599,
      "final_energy": 12.126476509939886,
      "final_enstrophy": 62.563312311820596,
      "alpha_series": [
        0.5647111442833572,
        0.5019384542281694,
        0.43132415503137445,
        1.0538989357067723,
        0.4317119102300454
      ],
      "t_alpha_series": [
        0.9444417972834265,
        1.5836167810294188,
        1.7938304982878293,
        2.4174913969550396,
        2.6235620324628557
      ],
      "window_transitions": []
    },
    {
      "N": 128,
      "nu": 0.0005,
      "num_steps": 132,
      "T_achieved": 2.998415888540726,
      "T_star": 47.92998674075817,
      "final_alpha": 0.3992431353869722,
      "fit_quality": 0.9491993724870629,
      "max_alpha": 1.4999999436123121,
      "time_in_window": 0.0,
      "behavior": "Type I",
      "final_u_Linf": 0.8844053861380725,
      "final_omega_Linf": 4.324039661800619,
      "max_u_Linf": 0.8844053861380725,
      "max_omega_Linf": 4.62601267671146,
      "final_energy": 11.98050598662437,
      "final_enstrophy": 61.154718621938805,
      "alpha_series": [
        0.43312260876212405,
        0.40939012385902673,
        0.43137759898714356,
        0.35676766975550944,
        0.10000352267116071,
        1.4999987210860968,
        0.29610153831072694,
        1.4999999436123121,
        1.4999998437331237,
        0.23753773600466677
      ],
      "t_alpha_series": [
        0.7126662243592254,
        0.8758857632029954,
        1.0380855488813117,
        1.1993626144167604,
        1.5195343830856713,
        1.8367780138062486,
        1.9943731820785147,
        2.1514175151384602,
        2.3080191627840554,
        2.464289033999519
      ],
      "window_transitions": []
    },
    {
      "N": 128,
      "nu": 0.0002,
      "num_steps": 132,
      "T_achieved": 2.9882750384475965,
      "T_star": 47.42487264172122,
      "final_alpha": 0.47296412264260135,
      "fit_quality": 0.9508503159339331,
      "max_alpha": 1.195480154283226,
      "time_in_window": 0.0,
      "behavior": "regularizing",
      "final_u_Linf": 0.8902134565501821,
      "final_omega_Linf": 4.360759262988958,
      "max_u_Linf": 0.8902134565501821,
      "max_omega_Linf": 4.655342446763574,
      "final_energy": 12.090353653371483,
      "final_enstrophy": 62.14492810764128,
      "alpha_series": [
        0.4055535755152111,
        0.4107381190579716,
        0.39661833903155175,
        0.3579998582961492,
        0.10160998039964751,
        0.2662533660303641,
        0.2941850092226945,
        0.3268417800232296,
        1.195480154283226
      ],
      "t_alpha_series": [
        0.7121030570048109,
        0.8750299542572766,
        1.0368797570726742,
        1.1977512528713552,
        1.35774466054042,
        1.5169502896684088,
        1.8329949689581126,
        2.301996494251133,
        2.767363808985925
      ],
      "window_transitions": []
    },
    {
      "N": 128,
      "nu": 0.0001,
      "num_steps": 132,
      "T_achieved": 2.9848590706205975,
      "T_star": 45.78733791160889,
      "final_alpha": 0.4830057039438904,
      "fit_quality": 0.9519479397200201,
      "max_alpha": 1.3169391591889976,
      "time_in_window": 0.0,
      "behavior": "regularizing",
      "final_u_Linf": 0.8921997496658425,
      "final_omega_Linf": 4.370814230030163,
      "max_u_Linf": 0.8921997496658425,
      "max_omega_Linf": 4.669938256154009,
      "final_energy": 12.127206628446421,
      "final_enstrophy": 62.51015842036714,
      "alpha_series": [
        0.5000438987426139,
        0.39210168575237736,
        0.38665434716026903,
        0.10137746260279556,
        0.3633399884903409,
        0.2979609426948818,
        0.1025247931290276,
        0.4290774285809409,
        0.37646054204418367,
        0.2625441837963216,
        1.3169391591889976
      ],
      "t_alpha_series": [
        0.7119110066108137,
        0.8747371553480634,
        1.0364661095212182,
        1.1971972737615508,
        1.3570314526239622,
        1.516059196179755,
        1.6742834212884206,
        1.8317068712120101,
        1.988391629002845,
        2.2999833662223503,
        2.6098693469089125
      ],
      "window_transitions": []
    }
  ]
}